sku,price
M00030,54.99
M00032,54.99
M00033,54.99
M00976,509.99
M00780,7.99
M01014,14.99
M01006,14.99
M01012,5.99
M01042,34.99
M00918,69.99
M00129,45.99
M01011,6.99
M00620,9.99
M00618,51.99
M00940,1Â 299.99
M01178,94.99
M01092,169.99
M00963,124.99
M01002,19.99
M00869,15.99
M00857,84.99
M01214,36.99
M00923,39.99
M00884,28.99
M01239,41.99
M00861,49.99
M00809,22.99
M01099,11.99
M00870,39.99
IM712017892,39.99
IM712017749,10.99
M00640,44.99
IM712017898,34.99
IM712017742,24.99
CF209772,18.99
IM712017912,23.99
CF533870,24.99
CF506943,7.99
CF496277,29.99
CF554695,14.99
M01129,59.99
M01125,64.99
M01103,57.99
M01124,139.99
M01132,69.99
M01191,39.99
M01136,24.99
M01135,24.99
M00351,59.99
M00413,34.99
M00878,79.99
M01148,27.99
0720364772,8.99
IRIX45MMDRAGONFLY   ,437.99
M00393,15.99
0713107194,37.99
M00520,5.99
M00415,329.99
M00471,184.99
0713106988,399.99
0713106984,239.99
M00443,16.99
M01126,114.99
0713107196,24.99
M00776,6.99
M01328,10.99
M01335,179.99
C00011,24.99
M00327,54.99
M00427,15.99
0713107201,41.99
M00212,24.99
0715009962,249.99
M01337,34.99
DI4657,19.99
0712710394,119.99
M01336,34.99
VisicoFLBD,179.99
VisicoFLPARDUO,169.99
VisicoFLPARND,169.99
VisicoFLPAR,169.99
VisicoFLSBX,199.99
VisicoFLSNC,144.99
DI3461,9.99
VDTS-3703,6.99
VDTS-3704,6.99
VDTS-3705,4.99
DI3142,19.99
0713365065,49.99
0713904625,49.99
0725162827,49.99
DI4654,9.99
0712608047,9.99
M01262,189.99
0713726513,54.99
M01243,279.99
DI2289,24.99
0712607017,9.99
DI3462,6.99
0712837718,9.99
DI3096,29.99